alarm_id,device_id,start_timestamp,end_timestamp
0,2,42,604800
6,23,163,604800
11,23,172,604800
10,9,231,604800
5,9,251,604800
8,21,301,604800
9,21,341,604800
6,15,345,604800
4,9,365,604800
0,9,377,604800
8,9,386,604800
11,9,396,604800
2,9,410,604800
11,15,410,604800
8,9,412,604800
11,9,416,604800
1,9,419,604800
0,9,431,604800
1,21,441,604800
1,9,442,604800
9,9,442,604800
9,9,453,604800
3,26,454,604800
0,21,497,604800
5,26,514,604800
5,8,518,604800
8,8,555,604800
4,26,557,604800
1,26,577,604800
8,26,589,604800
9,26,593,604800
0,26,595,604800
1,8,595,604800
0,8,598,604800
1,26,599,604800
11,26,608,604800
8,8,627,604800
4,8,629,604800
9,8,632,604800
0,9,634,604800
11,8,641,604800
2,26,648,604800
6,26,649,604800
0,26,655,604800
0,8,662,604800
8,8,663,604800
9,8,677,604800
5,0,679,604800
0,8,697,604800
9,26,715,604800
0,0,719,604800
1,8,720,604800
0,9,729,604800
1,8,732,604800
0,8,738,604800
11,26,740,604800
7,9,750,604800
0,26,762,604800
0,8,770,604800
11,26,770,604800
11,0,770,604800
2,2,772,604800
8,11,772,604800
0,26,780,604800
11,2,804,604800
11,18,811,604800
9,8,822,604800
2,7,846,604800
9,9,847,604800
8,0,858,604800
1,11,859,604800
8,26,862,604800
0,6,864,604800
0,19,872,604800
9,11,873,604800
5,9,875,604800
0,9,878,604800
9,26,881,604800
11,26,882,604800
1,26,883,604800
0,9,887,604800
11,27,927,604800
6,9,934,604800
0,26,942,604800
0,11,950,604800
3,12,952,604800
11,7,952,604800
1,0,952,604800
0,3,958,604800
6,12,965,604800
9,8,987,604800
11,9,990,604800
4,9,1009,604800
11,26,1031,604800
4,0,1035,604800
9,0,1036,604800
9,0,1046,604800
11,0,1050,604800
9,9,1055,604800
8,0,1061,604800
9,0,1065,604800
2,9,1070,604800
0,0,1076,604800
2,8,1079,604800
11,12,1083,604800
10,19,1084,604800
1,0,1092,604800
11,8,1094,604800
11,12,1095,604800
11,9,1106,604800
0,0,1109,604800
8,9,1122,604800
1,9,1134,604800
1,12,1165,604800
3,14,1181,604800
0,1,1188,604800
8,9,1194,604800
5,12,1196,604800
0,0,1205,604800
2,0,1211,604800
9,9,1211,604800
1,14,1214,604800
0,12,1222,604800
6,14,1224,604800
0,9,1229,604800
0,9,1248,604800
0,14,1251,604800
9,9,1278,604800
4,12,1280,604800
5,14,1289,604800
8,12,1291,604800
2,12,1294,604800
11,9,1295,604800
11,0,1296,604800
1,9,1296,604800
1,12,1303,604800
0,12,1305,604800
4,14,1310,604800
11,12,1319,604800
0,9,1330,604800
9,12,1335,604800
0,12,1350,604800
1,0,1368,604800
0,12,1368,604800
8,14,1371,604800
11,14,1383,604800
6,21,1390,604800
9,14,1395,604800
1,14,1397,604800
9,12,1404,604800
8,12,1404,604800
6,16,1415,604800
11,21,1423,604800
11,14,1424,604800
9,12,1425,604800
0,0,1426,604800
0,14,1431,604800
2,14,1434,604800
9,14,1436,604800
0,14,1437,604800
3,9,1440,604800
5,9,1444,604800
0,9,1461,604800
11,14,1473,604800
1,5,1473,604800
11,16,1479,604800
8,14,1484,604800
1,12,1502,604800
1,9,1524,604800
0,5,1538,604800
0,14,1547,604800
0,12,1551,604800
11,14,1561,604800
3,13,1576,604800
9,18,1578,604800
6,13,1581,604800
11,12,1582,604800
11,13,1587,604800
9,14,1587,604800
1,14,1594,604800
0,9,1596,604800
8,24,1612,604800
11,13,1632,604800
9,24,1645,604800
0,14,1657,604800
6,9,1661,604800
1,13,1663,604800
4,19,1668,604800
1,24,1671,604800
11,1,1673,604800
2,19,1675,604800
10,6,1682,604800
4,9,1701,604800
8,9,1725,604800
11,12,1726,604800
11,9,1726,604800
0,24,1728,604800
9,26,1734,604800
11,3,1742,604800
5,13,1744,604800
11,9,1745,604800
0,13,1748,604800
9,9,1749,604800
9,9,1762,604800
11,9,1763,604800
8,9,1766,604800
11,19,1774,604800
9,9,1780,604800
8,13,1781,604800
11,11,1783,604800
2,9,1784,604800
1,9,1785,604800
1,9,1787,604800
9,13,1791,604800
0,13,1796,604800
0,9,1799,604800
11,9,1802,604800
0,9,1826,604800
11,19,1836,604800
0,5,1846,604800
9,19,1851,604800
4,13,1863,604800
6,0,1872,604800
0,9,1878,604800
9,9,1879,604800
11,16,1888,604800
8,13,1904,604800
8,19,1908,604800
11,13,1912,604800
1,13,1915,604800
9,19,1918,604800
2,13,1919,604800
1,19,1920,604800
0,19,1926,604800
0,13,1976,604800
2,16,1979,604800
1,20,2035,604800
0,19,2039,604800
0,20,2039,604800
9,13,2044,604800
9,13,2052,604800
11,16,2054,604800
1,13,2067,604800
0,13,2107,604800
11,0,2122,604800
0,23,2132,604800
0,13,2137,604800
11,5,2138,604800
11,13,2159,604800
9,23,2177,604800
7,13,2220,604800
5,13,2234,604800
4,13,2241,604800
2,13,2246,604800
8,13,2246,604800
9,13,2247,604800
0,13,2256,604800
9,13,2265,604800
2,18,2269,604800
11,13,2270,604800
0,13,2315,604800
10,26,2341,604800
8,26,2367,604800
1,1,2380,604800
1,22,2388,604800
9,26,2397,604800
7,11,2398,604800
0,20,2404,604800
7,17,2421,604800
1,13,2423,604800
0,17,2428,604800
0,1,2431,604800
6,17,2441,604800
6,13,2448,604800
11,18,2451,604800
11,13,2454,604800
11,13,2460,604800
7,12,2475,604800
0,13,2477,604800
0,11,2480,604800
6,12,2482,604800
0,22,2484,604800
11,17,2502,604800
1,7,2517,604800
5,17,2518,604800
0,17,2520,604800
4,11,2522,604800
5,11,2522,604800
0,7,2525,604800
2,11,2526,604800
9,11,2528,604800
8,11,2532,604800
1,11,2542,604800
1,26,2544,604800
9,11,2549,604800
0,12,2553,604800
11,11,2580,604800
8,17,2584,604800
11,12,2594,604800
4,17,2603,604800
3,19,2614,604800
8,17,2614,604800
0,17,2627,604800
1,17,2632,604800
11,17,2633,604800
6,11,2634,604800
10,4,2636,604800
0,17,2640,604800
0,11,2646,604800
1,17,2649,604800
9,17,2653,604800
0,13,2657,604800
0,26,2665,604800
11,11,2679,604800
1,19,2693,604800
9,17,2736,604800
0,11,2740,604800
0,19,2741,604800
5,5,2744,604800
5,12,2763,604800
0,5,2765,604800
0,12,2789,604800
11,11,2796,604800
8,5,2797,604800
1,5,2801,604800
0,17,2804,604800
0,11,2823,604800
4,12,2830,604800
2,12,2833,604800
2,8,2835,604800
11,12,2835,604800
8,11,2836,604800
9,17,2846,604800
9,5,2851,604800
9,11,2854,604800
11,8,2856,604800
8,16,2859,604800
8,13,2873,604800
2,17,2879,604800
1,11,2883,604800
11,12,2884,604800
9,12,2887,604800
9,16,2897,604800
1,13,2899,604800
11,17,2902,604800
4,5,2918,604800
11,5,2927,604800
9,13,2940,604800
9,5,2948,604800
11,19,2949,604800
8,12,2960,604800
0,5,2968,604800
1,6,2974,604800
0,12,2976,604800
8,5,2977,604800
1,12,2993,604800
0,10,2994,604800
9,12,3007,604800
3,27,3030,604800
5,19,3032,604800
9,5,3033,604800
6,27,3034,604800
5,27,3041,604800
0,27,3048,604800
11,27,3050,604800
1,5,3053,604800
2,26,3062,604800
8,19,3069,604800
1,19,3070,604800
0,5,3073,604800
11,26,3076,604800
1,27,3104,604800
4,27,3109,604800
4,5,3114,604800
1,16,3119,604800
8,19,3127,604800
4,19,3127,604800
0,13,3129,604800
1,19,3130,604800
0,11,3134,604800
8,5,3144,604800
2,5,3152,604800
1,5,3154,604800
0,19,3156,604800
0,19,3157,604800
11,19,3159,604800
9,19,3164,604800
11,5,3166,604800
9,19,3167,604800
9,27,3173,604800
2,27,3179,604800
0,19,3180,604800
8,27,3180,604800
0,27,3184,604800
0,6,3188,604800
11,27,3193,604800
8,27,3195,604800
9,27,3198,604800
11,27,3199,604800
0,16,3200,604800
2,19,3210,604800
0,12,3211,604800
2,5,3215,604800
9,27,3219,604800
0,17,3230,604800
9,5,3233,604800
6,19,3237,604800
11,5,3266,604800
0,5,3278,604800
11,5,3288,604800
0,5,3295,604800
1,27,3307,604800
8,12,3317,604800
10,7,3318,604800
11,19,3320,604800
0,5,3333,604800
9,5,3343,604800
6,4,3361,604800
11,19,3365,604800
1,27,3370,604800
0,27,3376,604800
5,20,3408,604800
2,23,3409,604800
1,12,3411,604800
0,19,3431,604800
11,27,3435,604800
0,27,3437,604800
9,19,3441,604800
11,4,3468,604800
0,20,3488,604800
4,20,3504,604800
11,20,3509,604800
8,20,3516,604800
2,20,3519,604800
9,12,3525,604800
7,19,3530,604800
11,20,3531,604800
6,9,3550,604800
8,4,3559,604800
11,23,3563,604800
0,12,3570,604800
1,20,3585,604800
1,14,3591,604800
5,19,3592,604800
0,14,3595,604800
11,9,3608,604800
4,19,3619,604800
5,16,3620,604800
9,4,3628,604800
11,19,3628,604800
0,19,3632,604800
8,20,3632,604800
0,27,3637,604800
9,20,3640,604800
1,20,3646,604800
0,20,3651,604800
6,19,3653,604800
0,20,3654,604800
9,19,3659,604800
11,19,3697,604800
2,19,3732,604800
1,2,3741,604800
3,3,3743,604800
0,2,3753,604800
1,3,3755,604800
1,4,3757,604800
0,4,3774,604800
11,19,3775,604800
4,18,3794,604800
8,18,3805,604800
11,18,3805,604800
1,18,3811,604800
8,16,3821,604800
11,22,3823,604800
9,20,3824,604800
8,19,3825,604800
0,16,3837,604800
8,6,3838,604800
6,3,3841,604800
0,18,3848,604800
9,18,3868,604800
1,19,3874,604800
10,27,3876,604800
9,16,3879,604800
9,19,3880,604800
4,16,3885,604800
9,20,3889,604800
9,6,3892,604800
9,16,3903,604800
11,3,3915,604800
4,0,3918,604800
0,25,3948,604800
8,16,3952,604800
8,0,3952,604800
11,16,3959,604800
9,18,3961,604800
1,6,3963,604800
1,0,3963,604800
0,18,3981,604800
9,16,3985,604800
10,8,3995,604800
0,19,3995,604800
0,0,3996,604800
0,19,3998,604800
9,0,4000,604800
1,16,4002,604800
1,16,4005,604800
0,4,4009,604800
0,6,4012,604800
2,16,4024,604800
0,0,4026,604800
11,16,4028,604800
5,3,4035,604800
4,3,4040,604800
0,16,4044,604800
8,19,4056,604800
0,19,4061,604800
2,3,4072,604800
9,0,4079,604800
0,20,4079,604800
8,3,4089,604800
1,12,4111,604800
11,0,4112,604800
0,3,4112,604800
9,3,4113,604800
1,19,4117,604800
9,25,4123,604800
0,3,4124,604800
0,12,4129,604800
9,19,4138,604800
0,16,4145,604800
2,0,4148,604800
3,21,4154,604800
11,0,4160,604800
1,3,4169,604800
6,21,4175,604800
8,3,4181,604800
1,3,4196,604800
11,3,4196,604800
11,3,4221,604800
11,21,4233,604800
11,21,4239,604800
0,16,4243,604800
9,3,4245,604800
5,14,4277,604800
0,14,4280,604800
4,14,4285,604800
9,14,4285,604800
1,21,4289,604800
8,14,4296,604800
11,14,4298,604800
2,27,4305,604800
8,14,4310,604800
2,18,4311,604800
7,6,4311,604800
6,6,4317,604800
1,14,4320,604800
11,6,4321,604800
5,6,4321,604800
9,14,4322,604800
9,14,4329,604800
0,14,4335,604800
11,18,4338,604800
8,6,4346,604800
0,3,4354,604800
4,6,4365,604800
0,3,4370,604800
1,14,4373,604800
11,3,4375,604800
1,6,4375,604800
9,3,4377,604800
0,6,4380,604800
0,14,4380,604800
2,6,4392,604800
9,6,4392,604800
5,21,4395,604800
0,14,4396,604800
11,6,4401,604800
0,6,4403,604800
0,21,4418,604800
0,19,4436,604800
8,21,4445,604800
8,6,4457,604800
2,14,4460,604800
1,6,4462,604800
11,14,4467,604800
9,6,4471,604800
5,12,4488,604800
11,27,4494,604800
0,12,4500,604800
8,12,4502,604800
9,21,4510,604800
0,6,4540,604800
1,12,4549,604800
4,12,4553,604800
1,23,4556,604800
9,6,4560,604800
0,6,4561,604800
0,3,4568,604800
2,12,4574,604800
11,12,4588,604800
11,12,4595,604800
10,24,4595,604800
7,23,4597,604800
8,12,4600,604800
0,6,4602,604800
9,12,4604,604800
0,12,4606,604800
8,2,4609,604800
2,17,4625,604800
1,21,4640,604800
6,23,4641,604800
11,6,4650,604800
9,2,4659,604800
9,12,4667,604800
11,17,4669,604800
0,21,4683,604800
8,14,4696,604800
0,21,4705,604800
0,23,4725,604800
9,14,4725,604800
1,2,4739,604800
11,23,4740,604800
1,14,4751,604800
4,10,4756,604800
0,2,4758,604800
2,10,4761,604800
0,14,4762,604800
8,10,4769,604800
9,10,4783,604800
11,17,4796,604800
1,12,4800,604800
9,10,4807,604800
0,23,4809,604800
1,10,4829,604800
0,10,4832,604800
4,21,4862,604800
0,21,4862,604800
8,21,4867,604800
11,10,4876,604800
1,21,4890,604800
5,23,4893,604800
0,12,4911,604800
0,10,4920,604800
9,21,4927,604800
0,23,5014,604800
7,27,5015,604800
6,27,5016,604800
9,21,5016,604800
2,21,5025,604800
3,10,5032,604800
1,10,5035,604800
0,21,5045,604800
0,10,5051,604800
7,10,5051,604800
11,27,5052,604800
11,10,5062,604800
5,27,5062,604800
6,8,5074,604800
0,10,5082,604800
5,10,5088,604800
4,23,5088,604800
4,10,5094,604800
6,10,5097,604800
0,23,5102,604800
11,10,5104,604800
8,10,5110,604800
11,8,5114,604800
6,10,5117,604800
11,21,5118,604800
1,10,5121,604800
5,24,5121,604800
0,10,5121,604800
11,10,5121,604800
0,24,5123,604800
11,21,5123,604800
0,27,5134,604800
5,10,5135,604800
0,27,5136,604800
0,10,5138,604800
2,23,5142,604800
8,23,5145,604800
9,23,5146,604800
4,10,5155,604800
8,10,5159,604800
2,10,5159,604800
9,23,5174,604800
9,10,5176,604800
6,5,5176,604800
11,10,5176,604800
1,10,5194,604800
11,4,5197,604800
11,23,5198,604800
11,10,5205,604800
11,10,5211,604800
0,10,5211,604800
11,23,5223,604800
0,10,5236,604800
8,10,5236,604800
9,12,5237,604800
9,10,5240,604800
8,10,5255,604800
1,10,5269,604800
8,27,5281,604800
0,10,5285,604800
9,10,5308,604800
4,27,5311,604800
9,1,5315,604800
9,27,5318,604800
11,5,5334,604800
0,23,5345,604800
1,23,5345,604800
11,27,5347,604800
8,23,5347,604800
1,10,5352,604800
0,12,5369,604800
0,10,5370,604800
9,10,5373,604800
4,24,5382,604800
11,24,5386,604800
2,10,5395,604800
9,27,5404,604800
8,27,5412,604800
0,24,5415,604800
1,27,5419,604800
1,23,5421,604800
9,27,5429,604800
9,10,5444,604800
0,23,5451,604800
11,10,5455,604800
8,24,5490,604800
0,10,5504,604800
1,27,5506,604800
0,27,5507,604800
4,9,5526,604800
2,9,5528,604800
0,10,5531,604800
9,10,5541,604800
0,27,5553,604800
0,27,5560,604800
7,8,5569,604800
0,8,5582,604800
9,23,5584,604800
8,9,5597,604800
11,9,5629,604800
11,9,5635,604800
2,27,5638,604800
6,8,5648,604800
9,9,5650,604800
11,10,5656,604800
9,9,5670,604800
1,9,5672,604800
9,24,5673,604800
5,8,5698,604800
2,24,5700,604800
11,27,5721,604800
11,24,5722,604800
9,24,5781,604800
1,24,5795,604800
4,8,5795,604800
11,8,5804,604800
11,8,5809,604800
8,24,5813,604800
0,15,5815,604800
0,24,5823,604800
10,23,5843,604800
8,8,5859,604800
0,9,5871,604800
2,8,5871,604800
1,8,5893,604800
9,8,5904,604800
9,8,5905,604800
10,11,5908,604800
0,8,5923,604800
11,8,5936,604800
9,24,5942,604800
0,8,5967,604800
1,24,5967,604800
0,8,5997,604800
0,9,6057,604800
0,24,6057,604800
9,0,6063,604800
11,9,6067,604800
8,8,6150,604800
1,8,6157,604800
0,8,6179,604800
2,24,6194,604800
9,8,6196,604800
11,24,6203,604800
9,17,6275,604800
5,21,6279,604800
0,21,6287,604800
4,21,6297,604800
8,21,6303,604800
11,21,6314,604800
1,21,6334,604800
11,14,6338,604800
9,21,6346,604800
0,21,6349,604800
9,21,6370,604800
11,2,6388,604800
5,22,6411,604800
0,27,6424,604800
0,21,6466,604800
8,21,6479,604800
1,21,6482,604800
0,22,6503,604800
8,22,6530,604800
9,21,6557,604800
0,21,6570,604800
2,21,6590,604800
2,4,6604,604800
11,4,6625,604800
4,22,6634,604800
8,22,6650,604800
9,22,6665,604800
9,22,6671,604800
11,21,6686,604800
1,22,6704,604800
0,22,6722,604800
2,22,6738,604800
1,22,6789,604800
6,6,6791,604800
0,22,6804,604800
11,6,6815,604800
0,22,6820,604800
9,22,6875,604800
9,2,6939,604800
11,22,6975,604800
11,22,7010,604800
0,12,7159,604800
10,21,7170,604800
11,21,7211,604800
6,20,7567,604800
11,20,7586,604800
9,10,7599,604800
8,17,7685,604800
8,12,7690,604800
9,17,7690,604800
9,12,7705,604800
1,17,7748,604800
0,17,7749,604800
4,11,7753,604800
8,27,7761,604800
1,12,7768,604800
11,11,7782,604800
1,27,7783,604800
0,12,7786,604800
3,5,7804,604800
8,11,7809,604800
9,27,7816,604800
9,11,7817,604800
10,17,7826,604800
11,5,7836,604800
0,27,7844,604800
6,10,7860,604800
11,10,7873,604800
2,11,7909,604800
1,11,7920,604800
0,11,7932,604800
9,16,7934,604800
11,11,7978,604800
0,11,7995,604800
9,3,8082,604800
3,0,8088,604800
1,5,8111,604800
6,13,8119,604800
4,27,8119,604800
0,5,8129,604800
6,0,8144,604800
8,27,8153,604800
2,27,8163,604800
1,27,8164,604800
0,27,8167,604800
11,27,8167,604800
6,5,8174,604800
11,0,8185,604800
1,0,8197,604800
11,27,8200,604800
11,0,8204,604800
11,5,8207,604800
7,14,8212,604800
9,27,8214,604800
0,0,8240,604800
9,27,8241,604800
0,14,8247,604800
5,14,8252,604800
6,14,8271,604800
1,27,8280,604800
0,27,8294,604800
0,27,8296,604800
11,14,8301,604800
0,14,8347,604800
8,14,8356,604800
1,14,8364,604800
0,14,8366,604800
5,0,8368,604800
5,5,8372,604800
0,5,8403,604800
9,14,8417,604800
4,0,8432,604800
0,0,8435,604800
8,0,8443,604800
4,5,8449,604800
9,11,8466,604800
11,7,8478,604800
8,5,8478,604800
8,0,8480,604800
2,5,8486,604800
2,0,8489,604800
0,0,8491,604800
1,5,8495,604800
9,0,8502,604800
9,5,8503,604800
0,5,8504,604800
7,4,8509,604800
11,13,8519,604800
9,5,8540,604800
11,0,8545,604800
0,4,8545,604800
5,4,8546,604800
6,4,8549,604800
3,8,8553,604800
11,5,8553,604800
1,0,8567,604800
1,8,8573,604800
0,0,8577,604800
11,8,8588,604800
9,0,8595,604800
6,8,8598,604800
11,4,8601,604800
1,0,8605,604800
11,5,8626,604800
0,8,8627,604800
2,4,8655,604800
4,4,8655,604800
0,5,8656,604800
11,4,8663,604800
0,4,8674,604800
0,4,8693,604800
8,4,8694,604800
11,4,8702,604800
9,4,8709,604800
0,0,8713,604800
8,4,8717,604800
5,8,8732,604800
1,4,8735,604800
9,4,8745,604800
11,15,8758,604800
1,4,8764,604800
0,4,8771,604800
4,14,8772,604800
8,8,8784,604800
11,8,8788,604800
2,14,8792,604800
11,14,8798,604800
11,14,8801,604800
0,4,8818,604800
9,4,8818,604800
8,5,8829,604800
9,8,8847,604800
4,8,8848,604800
9,8,8850,604800
1,8,8854,604800
0,8,8856,604800
1,17,8862,604800
1,5,8879,604800
11,0,8895,604800
0,8,8906,604800
0,5,8921,604800
9,5,8939,604800
2,8,8957,604800
9,14,8967,604800
11,8,8971,604800
0,17,8984,604800
11,8,8985,604800
0,8,8996,604800
5,18,9034,604800
0,14,9067,604800
9,15,9074,604800
8,14,9145,604800
1,14,9154,604800
2,11,9167,604800
4,18,9172,604800
0,14,9187,604800
8,8,9204,604800
9,8,9205,604800
9,18,9206,604800
10,20,9221,604800
11,11,9227,604800
9,14,9238,604800
1,18,9254,604800
1,8,9255,604800
0,18,9261,604800
8,18,9295,604800
6,22,9310,604800
0,18,9323,604800
9,0,9331,604800
1,18,9347,604800
8,18,9347,604800
0,18,9349,604800
9,18,9355,604800
3,16,9365,604800
1,18,9371,604800
0,18,9373,604800
0,8,9374,604800
9,18,9383,604800
11,22,9387,604800
11,18,9473,604800
0,18,9478,604800
8,19,9485,604800
4,21,9544,604800
1,16,9556,604800
5,16,9560,604800
9,19,9560,604800
11,21,9560,604800
8,21,9561,604800
1,21,9562,604800
9,21,9564,604800
9,21,9576,604800
2,18,9582,604800
0,21,9582,604800
2,21,9583,604800
0,16,9594,604800
1,19,9600,604800
0,19,9602,604800
4,16,9626,604800
8,16,9631,604800
2,16,9635,604800
0,21,9649,604800
0,16,9656,604800
11,21,9674,604800
6,3,9680,604800
11,3,9723,604800
9,16,9766,604800
0,16,9775,604800
9,16,9778,604800
3,1,9795,604800
11,18,9816,604800
6,1,9820,604800
11,1,9844,604800
8,15,9849,604800
11,16,9856,604800
6,16,9866,604800
11,16,9867,604800
1,1,9873,604800
0,1,9875,604800
5,1,9885,604800
7,7,9910,604800
11,16,9917,604800
5,10,9918,604800
8,16,9921,604800
6,7,9924,604800
11,7,9930,604800
1,16,9948,604800
1,16,9956,604800
9,16,9959,604800
0,22,9960,604800
0,7,9973,604800
11,1,9976,604800
7,16,9976,604800
11,16,9981,604800
5,16,9991,604800
1,15,9995,604800
0,16,9995,604800
8,1,10004,604800
0,16,10013,604800
4,10,10017,604800
0,1,10020,604800
5,7,10020,604800
2,0,10024,604800
9,1,10025,604800
0,16,10028,604800
0,10,10029,604800
8,7,10031,604800
0,7,10052,604800
8,1,10057,604800
1,1,10059,604800
2,10,10062,604800
1,7,10072,604800
1,1,10074,604800
11,0,10080,604800
9,10,10088,604800
0,1,10090,604800
6,16,10090,604800
9,15,10092,604800
11,10,10093,604800
9,1,10096,604800
8,16,10105,604800
0,7,10112,604800
11,10,10123,604800
9,16,10124,604800
9,7,10128,604800
0,15,10135,604800
0,16,10139,604800
0,1,10143,604800
4,7,10160,604800
11,16,10175,604800
8,20,10182,604800
1,16,10189,604800
9,20,10190,604800
1,20,10203,604800
2,3,10204,604800
8,10,10208,604800
0,16,10212,604800
8,7,10214,604800
11,3,10219,604800
0,20,10226,604800
1,7,10229,604800
9,10,10234,604800
9,13,10238,604800
0,10,10238,604800
9,7,10238,604800
1,10,10238,604800
9,7,10247,604800
2,14,10255,604800
4,1,10270,604800
8,1,10273,604800
11,20,10278,604800
0,7,10284,604800
11,14,10318,604800
8,10,10323,604800
9,10,10330,604800
9,1,10349,604800
0,10,10357,604800
0,7,10358,604800
1,1,10364,604800
11,7,10378,604800
1,10,10411,604800
0,10,10426,604800
2,7,10427,604800
0,1,10433,604800
8,25,10457,604800
9,25,10483,604800
1,25,10491,604800
4,16,10540,604800
11,7,10540,604800
8,16,10555,604800
1,16,10560,604800
11,16,10563,604800
2,19,10565,604800
11,19,10580,604800
0,25,10590,604800
9,16,10621,604800
2,1,10630,604800
9,16,10633,604800
0,16,10641,604800
6,26,10642,604800
11,26,10702,604800
11,1,10708,604800
11,1,10715,604800
0,16,10735,604800
2,16,10738,604800
10,2,10739,604800
11,16,10783,604800
9,22,10901,604800
9,1,10913,604800
4,23,11371,604800
0,23,11372,604800
8,23,11392,604800
2,23,11397,604800
11,23,11400,604800
11,23,11445,604800
9,23,11457,604800
1,23,11468,604800
0,23,11473,604800
9,23,11529,604800
0,1,11593,604800
7,5,11609,604800
5,5,11637,604800
4,5,11667,604800
6,5,11674,604800
11,5,11675,604800
11,5,11683,604800
9,5,11687,604800
8,5,11691,604800
2,5,11706,604800
0,5,11740,604800
0,5,11753,604800
8,5,11762,604800
9,5,11764,604800
9,5,11783,604800
11,5,11851,604800
0,5,11887,604800
1,5,11904,604800
5,2,11964,604800
8,2,11972,604800
1,2,11995,604800
0,2,12013,604800
0,2,12025,604800
0,5,12026,604800
9,2,12038,604800
6,2,12042,604800
4,2,12046,604800
11,2,12060,604800
1,5,12067,604800
11,2,12083,604800
9,2,12092,604800
0,5,12164,604800
8,2,12165,604800
1,2,12206,604800
0,2,12229,604800
9,2,12310,604800
2,2,12329,604800
10,5,12373,604800
0,2,12375,604800
4,14,12378,604800
9,14,12383,604800
11,6,12411,604800
11,14,12426,604800
8,14,12435,604800
11,2,12464,604800
1,14,12489,604800
9,14,12523,604800
2,14,12559,604800
5,6,12607,604800
10,22,12609,604800
11,14,12626,604800
0,6,12646,604800
11,13,12672,604800
8,6,12693,604800
0,14,12755,604800
4,6,12787,604800
0,6,12791,604800
0,14,12799,604800
1,6,12816,604800
8,6,12821,604800
11,10,12835,604800
9,6,12838,604800
9,6,12847,604800
10,13,12949,604800
0,6,12949,604800
9,24,12974,604800
9,6,13011,604800
3,18,13034,604800
11,18,13035,604800
1,6,13043,604800
3,20,13053,604800
0,6,13055,604800
5,18,13061,604800
5,20,13061,604800
6,20,13090,604800
7,22,13098,604800
0,18,13099,604800
4,8,13105,604800
6,22,13116,604800
0,20,13116,604800
5,22,13119,604800
2,6,13120,604800
0,22,13121,604800
11,6,13124,604800
4,20,13125,604800
4,18,13130,604800
9,8,13138,604800
1,20,13141,604800
0,22,13147,604800
1,18,13148,604800
8,20,13152,604800
2,8,13158,604800
11,22,13164,604800
11,20,13168,604800
2,20,13168,604800
11,20,13169,604800
11,8,13172,604800
2,18,13178,604800
8,8,13178,604800
4,22,13180,604800
9,18,13184,604800
11,18,13186,604800
8,18,13195,604800
1,18,13201,604800
8,18,13201,604800
0,18,13210,604800
8,22,13215,604800
1,9,13217,604800
0,8,13223,604800
9,18,13225,604800
0,18,13225,604800
6,18,13233,604800
1,18,13234,604800
9,20,13242,604800
11,8,13244,604800
11,22,13259,604800
2,22,13263,604800
0,9,13270,604800
11,6,13278,604800
9,22,13282,604800
1,20,13295,604800
1,22,13299,604800
9,8,13309,604800
11,20,13311,604800
11,22,13323,604800
0,20,13336,604800
11,18,13339,604800
9,18,13346,604800
9,20,13359,604800
11,20,13371,604800
0,20,13379,604800
0,20,13384,604800
9,8,13402,604800
11,18,13423,604800
0,18,13435,604800
0,22,13448,604800
0,22,13470,604800
9,22,13484,604800
1,8,13496,604800
0,8,13514,604800
0,18,13516,604800
8,22,13518,604800
7,18,13540,604800
5,18,13544,604800
0,18,13558,604800
6,18,13565,604800
4,18,13578,604800
9,22,13582,604800
8,18,13586,604800
5,27,13598,604800
0,27,13603,604800
2,18,13608,604800
11,18,13626,604800
0,18,13628,604800
9,18,13637,604800
10,15,13643,604800
4,27,13652,604800
11,18,13655,604800
0,18,13674,604800
11,18,13690,604800
8,18,13693,604800
1,18,13698,604800
11,27,13725,604800
8,27,13737,604800
0,18,13750,604800
1,22,13756,604800
1,27,13756,604800
9,27,13763,604800
10,25,13763,604800
8,20,13771,604800
2,27,13771,604800
1,20,13809,604800
9,20,13816,604800
1,18,13818,604800
0,20,13826,604800
11,27,13833,604800
4,1,13836,604800
0,27,13838,604800
9,18,13843,604800
9,1,13860,604800
0,22,13871,604800
0,18,13876,604800
8,1,13882,604800
1,1,13887,604800
2,1,13901,604800
8,27,13926,604800
9,27,13931,604800
9,18,13955,604800
11,1,13970,604800
3,25,13979,604800
11,25,13987,604800
6,25,13988,604800
0,1,13989,604800
0,13,14001,604800
1,27,14008,604800
0,27,14024,604800
7,0,14037,604800
9,1,14045,604800
11,1,14058,604800
5,0,14064,604800
0,0,14077,604800
6,0,14082,604800
5,17,14085,604800
3,4,14089,604800
11,25,14090,604800
8,17,14103,604800
11,4,14105,604800
11,0,14124,604800
9,27,14139,604800
0,17,14143,604800
8,0,14144,604800
0,1,14149,604800
4,0,14160,604800
6,4,14160,604800
2,0,14169,604800
9,17,14170,604800
9,0,14184,604800
1,17,14186,604800
4,17,14192,604800
0,0,14193,604800
10,12,14193,604800
0,27,14200,604800
8,0,14208,604800
0,17,14212,604800
11,17,14222,604800
1,4,14231,604800
1,25,14231,604800
0,0,14240,604800
9,0,14242,604800
11,0,14245,604800
1,0,14248,604800
11,4,14256,604800
9,0,14258,604800
0,0,14275,604800
2,17,14280,604800
0,4,14280,604800
6,12,14297,604800
11,0,14314,604800
0,25,14328,604800
11,17,14334,604800
1,0,14345,604800
6,27,14379,604800
8,17,14380,604800
9,17,14415,604800
0,17,14420,604800
0,0,14430,604800
1,17,14432,604800
0,17,14512,604800
9,17,14519,604800
0,8,14538,604800
1,13,14538,604800
11,12,14560,604800
5,4,14569,604800
0,4,14573,604800
10,10,14585,604800
0,13,14620,604800
8,4,14644,604800
4,4,14644,604800
9,4,14646,604800
2,4,14649,604800
8,4,14671,604800
11,27,14678,604800
9,4,14680,604800
1,4,14681,604800
11,4,14700,604800
11,4,14712,604800
0,4,14741,604800
0,4,14753,604800
1,4,14822,604800
0,4,14835,604800
1,11,14875,604800
9,4,14951,604800
6,24,14952,604800
0,11,14994,604800
11,24,15040,604800
1,26,15085,604800
0,26,15171,604800
5,25,15272,604800
3,23,15298,604800
6,23,15339,604800
1,23,15384,604800
5,23,15409,604800
4,25,15413,604800
0,23,15414,604800
8,25,15418,604800
8,25,15426,604800
0,25,15427,604800
9,25,15428,604800
0,23,15460,604800
11,23,15470,604800
1,25,15491,604800
9,25,15504,604800
1,25,15506,604800
9,25,15507,604800
11,23,15509,604800
4,23,15513,604800
2,23,15522,604800
0,25,15561,604800
0,25,15590,604800
0,23,15608,604800
11,23,15614,604800
11,25,15615,604800
2,25,15620,604800
7,25,15686,604800
6,25,15687,604800
8,13,15690,604800
8,23,15691,604800
8,23,15695,604800
11,25,15716,604800
0,24,15717,604800
9,23,15718,604800
9,13,15720,604800
9,23,15744,604800
0,23,15745,604800
1,23,15745,604800
1,23,15750,604800
11,25,15778,604800
5,25,15783,604800
0,25,15802,604800
0,25,15829,604800
0,25,15859,604800
1,13,15859,604800
0,13,15862,604800
11,23,15889,604800
9,23,15894,604800
4,25,15905,604800
0,23,15924,604800
1,10,15944,604800
11,25,15954,604800
8,25,15966,604800
1,25,15971,604800
9,25,16001,604800
0,25,16026,604800
9,25,16051,604800
0,25,16053,604800
2,25,16192,604800
1,8,16276,604800
0,10,16281,604800
11,25,16283,604800
0,8,16287,604800
3,7,16289,604800
3,22,16354,604800
6,22,16368,604800
1,22,16373,604800
1,7,16374,604800
0,22,16375,604800
5,7,16375,604800
0,7,16389,604800
6,7,16400,604800
8,7,16424,604800
5,13,16424,604800
11,22,16432,604800
11,7,16436,604800
5,25,16437,604800
9,7,16447,604800
11,7,16452,604800
0,7,16456,604800
8,10,16464,604800
8,13,16482,604800
4,25,16484,604800
3,17,16511,604800
11,22,16520,604800
1,13,16522,604800
0,13,16523,604800
1,10,16525,604800
0,25,16542,604800
1,7,16544,604800
9,10,16551,604800
9,13,16553,604800
8,25,16555,604800
1,17,16560,604800
4,7,16560,604800
2,25,16561,604800
2,7,16570,604800
1,25,16572,604800
0,13,16584,604800
11,25,16585,604800
11,25,16587,604800
6,17,16591,604800
9,25,16608,604800
8,7,16610,604800
0,25,16618,604800
11,7,16624,604800
9,7,16639,604800
11,7,16664,604800
11,17,16672,604800
1,7,16674,604800
0,10,16681,604800
0,7,16684,604800
8,9,16696,604800
9,9,16702,604800
8,25,16705,604800
0,17,16707,604800
9,7,16717,604800
1,25,16720,604800
5,17,16723,604800
4,13,16745,604800
9,25,16746,604800
11,17,16759,604800
11,13,16764,604800
9,25,16772,604800
1,9,16773,604800
9,13,16776,604800
5,22,16777,604800
0,17,16777,604800
2,13,16778,604800
8,13,16782,604800
8,22,16794,604800
0,25,16796,604800
0,7,16797,604800
0,22,16804,604800
4,17,16806,604800
0,25,16810,604800
9,13,16838,604800
11,13,16843,604800
2,17,16859,604800
1,22,16860,604800
1,13,16865,604800
8,17,16873,604800
0,7,16874,604800
9,17,16879,604800
0,22,16891,604800
0,17,16892,604800
1,17,16893,604800
9,17,16895,604800
11,17,16895,604800
8,25,16923,604800
0,9,16923,604800
0,13,16924,604800
1,25,16925,604800
9,22,16952,604800
0,17,16960,604800
8,17,16996,604800
9,17,17036,604800
0,13,17066,604800
9,25,17079,604800
1,17,17095,604800
0,25,17126,604800
4,22,17137,604800
11,22,17168,604800
11,25,17177,604800
0,22,17189,604800
8,22,17195,604800
1,22,17198,604800
11,17,17199,604800
2,10,17244,604800
11,10,17253,604800
0,17,17320,604800
0,22,17354,604800
2,22,17448,604800
9,22,17498,604800
10,16,17505,604800
11,22,17522,604800
4,4,17544,604800
9,22,17562,604800
2,4,17595,604800
11,4,17609,604800
8,4,17630,604800
11,4,17647,604800
1,4,17650,604800
0,4,17699,604800
6,1,17701,604800
11,1,17708,604800
9,4,17778,604800
9,4,17782,604800
1,16,17838,604800
0,16,17852,604800
0,4,17883,604800
5,19,18291,604800
4,19,18299,604800
9,19,18340,604800
0,19,18356,604800
9,5,18359,604800
8,19,18366,604800
4,6,18371,604800
8,6,18372,604800
11,19,18373,604800
1,19,18381,604800
9,6,18387,604800
1,6,18393,604800
8,19,18393,604800
2,19,18393,604800
9,6,18397,604800
9,19,18401,604800
0,6,18402,604800
11,6,18406,604800
0,19,18410,604800
9,19,18413,604800
2,6,18416,604800
11,6,18475,604800
11,19,18511,604800
1,19,18517,604800
7,26,18521,604800
6,26,18523,604800
5,26,18542,604800
8,26,18563,604800
1,26,18582,604800
0,19,18592,604800
0,26,18596,604800
0,26,18609,604800
0,26,18648,604800
9,26,18761,604800
11,26,18762,604800
4,22,18768,604800
9,22,18775,604800
0,6,18800,604800
0,22,18853,604800
8,22,18894,604800
8,18,18896,604800
9,22,18916,604800
4,26,18918,604800
8,26,18924,604800
1,18,18927,604800
0,18,18932,604800
1,22,18942,604800
9,18,18950,604800
0,22,18954,604800
11,26,18978,604800
1,26,18990,604800
2,22,19013,604800
11,22,19025,604800
9,26,19054,604800
0,26,19058,604800
11,24,19080,604800
2,26,19108,604800
0,19,19117,604800
11,26,19178,604800
2,5,19433,604800
11,5,19495,604800
0,26,19510,604800
9,26,19535,604800
10,0,19541,604800
11,22,19553,604800
5,3,19655,604800
6,14,19688,604800
8,3,19701,604800
1,3,19718,604800
11,14,19720,604800
0,3,19735,604800
6,11,19752,604800
9,3,19756,604800
10,3,19773,604800
0,3,19773,604800
11,11,19814,604800
2,25,19826,604800
11,25,19844,604800
4,20,19859,604800
9,20,19862,604800
11,20,19881,604800
4,3,19901,604800
11,3,19905,604800
0,3,19913,604800
8,3,19914,604800
9,3,19928,604800
8,20,19934,604800
9,20,19950,604800
2,3,19955,604800
9,3,19956,604800
11,3,19997,604800
0,20,20009,604800
1,20,20029,604800
1,3,20032,604800
0,3,20056,604800
2,22,20197,604800
0,20,20204,604800
11,22,20211,604800
1,21,20230,604800
8,5,20231,604800
0,21,20240,604800
9,5,20259,604800
1,5,20263,604800
4,16,20318,604800
11,16,20323,604800
0,5,20327,604800
8,23,20337,604800
2,16,20347,604800
8,16,20354,604800
11,16,20356,604800
9,23,20358,604800
6,18,20377,604800
1,16,20406,604800
1,23,20407,604800
0,16,20419,604800
0,23,20446,604800
9,16,20496,604800
11,18,20507,604800
0,16,20527,604800
9,20,20550,604800
2,20,20598,604800
9,16,20663,604800
11,20,20677,604800
2,15,20790,604800
11,15,20873,604800
3,2,21227,604800
9,21,21270,604800
11,2,21426,604800
5,2,21432,604800
0,2,21451,604800
8,2,21454,604800
1,2,21476,604800
1,2,21491,604800
4,12,21492,604800
9,12,21507,604800
0,2,21517,604800
9,2,21526,604800
11,12,21536,604800
8,12,21541,604800
0,12,21597,604800
1,12,21615,604800
0,2,21628,604800
2,12,21687,604800
4,2,21693,604800
9,2,21695,604800
11,2,21698,604800
9,12,21720,604800
6,2,21730,604800
0,12,21753,604800
2,2,21774,604800
11,2,21779,604800
11,2,21811,604800
4,15,21876,604800
8,15,21885,604800
11,12,21890,604800
9,15,21913,604800
1,15,21935,604800
9,15,21936,604800
2,15,21952,604800
4,24,21955,604800
8,24,21964,604800
0,2,21985,604800
0,24,21987,604800
1,24,22000,604800
11,15,22024,604800
8,2,22028,604800
9,24,22029,604800
0,15,22047,604800
9,2,22060,604800
2,24,22062,604800
0,24,22069,604800
11,24,22119,604800
1,2,22147,604800
9,24,22194,604800
0,15,22224,604800
0,2,22227,604800
11,23,22288,604800
3,24,22316,604800
1,24,22322,604800
11,24,22339,604800
0,24,22342,604800
5,24,22371,604800
0,24,22382,604800
4,24,22441,604800
11,24,22443,604800
6,24,22443,604800
11,24,22445,604800
9,24,22448,604800
0,24,22504,604800
11,24,22514,604800
8,24,22536,604800
11,15,22581,604800
9,24,22604,604800
2,24,22673,604800
1,24,22759,604800
0,24,22788,604800
11,24,22797,604800
6,25,22811,604800
11,25,22898,604800
0,21,22948,604800
8,24,22951,604800
9,24,22963,604800
1,24,23013,604800
0,24,23023,604800
4,13,23728,604800
11,13,23768,604800
7,2,23772,604800
6,2,23792,604800
5,2,23793,604800
11,2,23793,604800
0,2,23814,604800
0,13,23837,604800
8,2,23864,604800
5,4,23877,604800
6,17,23881,604800
2,13,23881,604800
0,4,23892,604800
11,13,23895,604800
8,13,23900,604800
1,13,23914,604800
0,13,23915,604800
9,2,23937,604800
4,4,23942,604800
0,4,23944,604800
8,4,23949,604800
11,4,23954,604800
9,13,23983,604800
9,4,23998,604800
0,2,24027,604800
1,2,24029,604800
4,2,24059,604800
2,2,24071,604800
9,4,24077,604800
2,4,24078,604800
0,2,24082,604800
1,4,24089,604800
9,2,24092,604800
0,2,24116,604800
11,2,24120,604800
11,17,24141,604800
0,4,24162,604800
11,2,24200,604800
8,2,24211,604800
9,2,24218,604800
11,4,24247,604800
9,13,24252,604800
0,11,24308,604800
1,2,24380,604800
5,15,24384,604800
0,2,24418,604800
2,9,24432,604800
0,15,24438,604800
4,15,24448,604800
8,15,24456,604800
11,15,24470,604800
11,9,24486,604800
9,15,24487,604800
8,15,24515,604800
1,15,24565,604800
1,15,24607,604800
0,15,24617,604800
2,15,24653,604800
9,15,24657,604800
11,15,24665,604800
9,15,24693,604800
0,15,24725,604800
8,4,24728,604800
9,4,24732,604800
0,15,24975,604800
1,4,25110,604800
0,4,25122,604800
2,20,25279,604800
11,20,25286,604800
2,1,25459,604800
11,1,25509,604800
5,1,25921,604800
4,1,25924,604800
8,1,25936,604800
11,8,25937,604800
1,1,25969,604800
9,1,25989,604800
0,1,26024,604800
8,1,26026,604800
1,1,26067,604800
2,1,26081,604800
9,1,26091,604800
11,1,26093,604800
0,1,26102,604800
11,1,26172,604800
0,1,26189,604800
9,1,26212,604800
0,1,26214,604800
0,18,26382,604800
6,7,26874,604800
11,7,26895,604800
4,26,27306,604800
9,26,27306,604800
8,26,27322,604800
1,26,27338,604800
9,26,27356,604800
0,26,27392,604800
2,26,27402,604800
11,26,27441,604800
11,26,27541,604800
0,26,27597,604800
0,16,27599,604800
2,13,27666,604800
11,13,27740,604800
3,11,28672,604800
6,11,28689,604800
11,11,28746,604800
1,11,28748,604800
0,11,28781,604800
11,11,28891,604800
7,1,28949,604800
0,1,29011,604800
5,1,29041,604800
0,1,29056,604800
6,1,29083,604800
11,1,29095,604800
8,1,29264,604800
4,1,29276,604800
11,1,29374,604800
1,1,29376,604800
5,11,29380,604800
0,1,29381,604800
9,1,29399,604800
2,1,29408,604800
11,1,29409,604800
8,1,29414,604800
9,1,29424,604800
0,11,29444,604800
1,1,29451,604800
9,1,29459,604800
0,1,29528,604800
4,11,29565,604800
8,11,29571,604800
9,11,29576,604800
1,11,29582,604800
0,1,29591,604800
11,11,29596,604800
0,11,29600,604800
8,11,29608,604800
0,11,29674,604800
9,11,29700,604800
2,11,29725,604800
1,11,29727,604800
0,11,29782,604800
11,11,29791,604800
9,11,29857,604800
10,18,30036,604800
0,7,30054,604800
9,27,30135,604800
9,19,30239,604800
9,11,30300,604800
6,19,30593,604800
11,19,30603,604800
3,15,30805,604800
5,15,30852,604800
6,15,30859,604800
11,15,30913,604800
4,15,30937,604800
11,15,30942,604800
0,15,30965,604800
0,15,31010,604800
1,4,31017,604800
0,4,31048,604800
11,15,31063,604800
8,15,31108,604800
2,15,31149,604800
9,15,31170,604800
9,15,31221,604800
1,15,31246,604800
1,15,31329,604800
0,15,31378,604800
11,15,31382,604800
0,15,31390,604800
8,15,31413,604800
9,15,31435,604800
1,15,31456,604800
0,15,31533,604800
4,3,31706,604800
8,3,31750,604800
9,3,31761,604800
0,9,31762,604800
1,3,31777,604800
0,3,31792,604800
11,3,31794,604800
9,3,31806,604800
2,3,31869,604800
11,3,31927,604800
7,15,32061,604800
0,15,32107,604800
6,15,32144,604800
11,15,32149,604800
10,1,32199,604800
5,15,32316,604800
0,15,32317,604800
8,15,32514,604800
4,15,32533,604800
9,15,32554,604800
2,15,32556,604800
8,15,32569,604800
9,15,32576,604800
9,15,32601,604800
1,15,32607,604800
1,15,32664,604800
11,15,32687,604800
11,15,32725,604800
0,15,32736,604800
8,7,32784,604800
9,7,32784,604800
1,7,32801,604800
0,7,32820,604800
0,15,32824,604800
0,3,32860,604800
0,15,32908,604800
2,6,33316,604800
11,6,33325,604800
7,21,33753,604800
5,21,33767,604800
0,21,33769,604800
6,21,33777,604800
4,21,33818,604800
0,21,33845,604800
8,21,33854,604800
1,21,33949,604800
8,21,33949,604800
0,21,33955,604800
1,21,33962,604800
0,21,33978,604800
9,21,33986,604800
9,21,33991,604800
11,21,34051,604800
0,21,34058,604800
11,21,34062,604800
9,6,34063,604800
2,21,34073,604800
9,21,34101,604800
11,21,34133,604800
8,3,34483,604800
1,3,34533,604800
0,3,34537,604800
9,3,34647,604800
7,20,35124,604800
6,20,35253,604800
5,20,35277,604800
8,20,35288,604800
11,20,35305,604800
4,20,35307,604800
8,20,35321,604800
9,20,35324,604800
9,20,35392,604800
0,20,35411,604800
11,20,35414,604800
2,20,35452,604800
1,20,35454,604800
11,20,35464,604800
0,20,35494,604800
9,20,35516,604800
0,20,35547,604800
1,20,35693,604800
0,20,35720,604800
0,20,35790,604800
5,23,35968,604800
0,23,35974,604800
9,12,35998,604800
8,23,36002,604800
1,23,36037,604800
1,3,36067,604800
0,3,36085,604800
4,23,36093,604800
2,23,36133,604800
8,23,36144,604800
0,23,36148,604800
9,23,36161,604800
1,23,36164,604800
0,23,36199,604800
0,23,36218,604800
1,15,36233,604800
11,23,36243,604800
9,23,36249,604800
11,23,36250,604800
9,23,36265,604800
0,15,36278,604800
9,14,37311,604800
4,25,37345,604800
8,25,37408,604800
1,25,37446,604800
9,25,37471,604800
0,25,37479,604800
8,22,37520,604800
1,22,37533,604800
9,22,37550,604800
2,25,37610,604800
0,25,37622,604800
0,0,37657,604800
9,25,37700,604800
0,22,37726,604800
11,25,37743,604800
11,25,37771,604800
10,14,38388,604800
5,26,38460,604800
0,26,38479,604800
4,26,38583,604800
9,26,38619,604800
8,26,38634,604800
8,26,38645,604800
1,26,38647,604800
2,26,38665,604800
11,26,38707,604800
11,26,38731,604800
9,26,38746,604800
9,26,38772,604800
1,26,38773,604800
0,26,38875,604800
0,26,38960,604800
2,21,38978,604800
0,26,38997,604800
11,21,39074,604800
1,25,39118,604800
0,25,39210,604800
0,14,39870,604800
11,19,40460,604800
3,6,41464,604800
1,6,41465,604800
11,6,41476,604800
0,6,41481,604800
6,6,41552,604800
11,6,41588,604800
5,6,41721,604800
0,6,41746,604800
8,6,41899,604800
9,6,41937,604800
1,6,42041,604800
4,6,42121,604800
8,6,42123,604800
2,6,42149,604800
11,6,42169,604800
9,6,42179,604800
9,6,42179,604800
11,6,42183,604800
0,6,42255,604800
1,6,42256,604800
0,6,42284,604800
0,6,42524,604800
7,24,43440,604800
0,24,43461,604800
5,24,43501,604800
0,24,43570,604800
7,3,43656,604800
5,3,43666,604800
8,3,43688,604800
1,3,43691,604800
9,3,43693,604800
6,24,43695,604800
6,3,43699,604800
4,3,43729,604800
11,3,43770,604800
2,3,43773,604800
11,24,43775,604800
4,24,43793,604800
8,24,43802,604800
11,3,43814,604800
8,3,43823,604800
9,3,43834,604800
9,3,43840,604800
9,24,43847,604800
0,3,43852,604800
11,3,43865,604800
1,24,43898,604800
0,3,43901,604800
9,24,43929,604800
1,3,43949,604800
0,24,43981,604800
0,3,43995,604800
2,24,44047,604800
11,24,44094,604800
0,3,44131,604800
11,24,44158,604800
0,24,44161,604800
0,3,44291,604800
8,24,44315,604800
1,24,44364,604800
0,24,44417,604800
9,24,44606,604800
0,26,46212,604800
9,7,47194,604800
4,17,53070,604800
8,17,53073,604800
9,17,53096,604800
2,17,53100,604800
0,17,53101,604800
11,17,53129,604800
1,17,53134,604800
0,17,53243,604800
9,17,53435,604800
11,17,53464,604800
1,19,54625,604800
0,19,54743,604800
5,7,54756,604800
0,7,54764,604800
8,0,55070,604800
9,0,55073,604800
4,7,55157,604800
8,7,55237,604800
1,7,55244,604800
8,7,55247,604800
1,7,55249,604800
0,7,55256,604800
9,7,55264,604800
0,7,55269,604800
9,7,55271,604800
11,7,55274,604800
1,0,55276,604800
9,7,55391,604800
2,7,55423,604800
0,0,55518,604800
0,7,55566,604800
11,7,55643,604800
9,4,56697,604800
2,12,57788,604800
11,12,57794,604800
5,11,62032,604800
0,11,62079,604800
4,11,62154,604800
0,11,62162,604800
9,11,62268,604800
8,11,62274,604800
9,11,62281,604800
1,11,62291,604800
11,11,62327,604800
8,11,62342,604800
1,11,62361,604800
2,11,62364,604800
0,11,62394,604800
0,11,62398,604800
11,11,62640,604800
9,11,62685,604800
1,24,62811,604800
0,24,62842,604800
4,7,65149,604800
8,7,65165,604800
11,7,65220,604800
2,7,65221,604800
9,7,65236,604800
1,7,65253,604800
0,7,65269,604800
9,7,65280,604800
11,7,65281,604800
0,7,65282,604800
4,2,75043,604800
8,2,75099,604800
1,2,75127,604800
0,2,75210,604800
11,2,75220,604800
2,2,75226,604800
9,2,75264,604800
11,2,75274,604800
9,2,75323,604800
0,2,75619,604800
